{
"Abkhazia":"Абхазија",
"Albania":"Албанија",
"Afghanistan":"Авганистан",
"Alabama":"Алабама",
"Algeria":"Алжир",
"Algeria_Coast":"Алжир - север",
"Algeria_Central":"Алжир - центар",
"Andorra":"Андора",
"Angola":"Ангола",
"Russia_Republic of Karelia_South Short":"Република Карелије",
"Russia_Republic of Karelia_North Short":"Република Карелије",
"Russia_Perm Krai_South Short":"Пермскиј крај",
"Spain_Castile and Leon_East Short":"Кастиља и Леон",
"Spain_Castile and Leon_West Short":"Кастиља и Леон",
"Switzerland_Espace Mittelland_East Short":"Еспаце Мителанд",
"Spain_Galicia_South Short":"Галиција",
"Spain_Galicia_North Short":"Галиција",
"Russia_Sverdlovsk Oblast_North Short":"Свердловска област",
"Azerbaijan":"Азербејџан",
"Argentina_Northwest":"Аргентински северозапад",
"Anguilla":"Ангвила",
"Antarctica":"Антарктик",
"Antigua and Barbuda":"Антигва и Барбуда",
"Argentina":"Аргентина",
"Argentina_Buenos Aires_South":"Провинција Буенос Аирес - Југ",
"Argentina_Cuyo":"Кујо",
"Argentina_Mesopotamia":"Месопотамија",
"Argentina_Pampas":"Пампас",
"Argentina_Patagonia":"Патагонија",
"Arizona":"Аризона",
"Armenia":"Јерменија",
"Australia":"Аустралија",
"Australia_Melbourne":"Мелбурн",
"Austria_Upper Austria":"Горња Аустрија",
"Austria_Vorarlberg":"Ворарлберг",
"Azerbaijan Region":"Азербејџан",
"Bahrain":"Бахреин",
"Bangladesh":"Бангладеш",
"Barbados":"Барбадос",
"Belarus":"Белорусија",
"Belarus_Brest Region":"Брестска област",
"Argentina_Buenos Aires_North":"Провинција Буенос Аирес - Север",
"Austria_Lower Austria_West Description":"Мостфиртел, Валдфиртел",
"Belarus_Hrodna Region":"Гродњенска област",
"Belarus_Maglieu Region":"Могиљовска област",
"Belarus_Homiel Region":"Гомељска област",
"Belarus_Vitebsk Region":"Витепска област",
"Belgium":"Белгија",
"Belarus_Minsk Region":"Минска област",
"Russia_Perm Krai":"Пермскиј крај",
"Russia_Republic of Karelia":"Република Карелије",
"Russia_Sverdlovsk Oblast":"Свердловска област",
"Spain_Galicia":"Галиција",
"Switzerland_Espace Mittelland":"Еспаце Мителанд",
"US_Pennsylvania_Reading":"Читање",
"Russia_Perm Krai_North Short":"Пермскиј крај",
"Spain_Castile and Leon":"Кастиља и Леон",
"People's Republic of China":"Кина",
"Taiwan":"Тајван",
"Australia_New South Wales":"Нови Јужни Велс",
"Australia_Northern Territory":"Северна Територија",
"Australia_Queensland":"Квинсленд",
"Australia_South Australia":"Јужна Аустралија",
"Australia_Tasmania":"Тасманија",
"Australia_Victoria":"Викторија",
"Austria":"Аустрија",
"Austria_Burgenland":"Бургенланд",
"Austria_Carinthia":"Корушка",
"Austria_Lower Austria_West":"Доња Аустрија — запад",
"Austria_Salzburg":"Салцбург",
"Austria_Styria":"Штајерска",
"Austria_Tyrol":"Тирол",
"Belgium_Antwerp":"Антверпен",
"Belize":"Белизе",
"Benin":"Бенин",
"Bhutan":"Бутан",
"Bermuda":"Бермуди",
"Bolivia":"Боливија",
"Bolivia_North":"Боливија – сервер",
"Bolivia_South":"Боливија – југ",
"Bosnia and Herzegovina":"Босна и Херцеговина",
"Bosnia and Herzegovina_Brcko district of Bosnia and Herzegowina":"Брчко",
"Bosnia and Herzegovina_Entity Federation of Bosnia and Herzegovina":"Федерација Босне и Херцеговине",
"Bosnia and Herzegovina_Republic of Srpska":"Република Српска",
"Botswana":"Боцвана",
"Brazil":"Бразил",
"Brazil_Bahia":"Баија",
"Brunei":"Брунеј",
"Bulgaria":"Бугарска",
"Burkina Faso":"Буркина Фасо",
"Burundi":"Бурунди",
"California":"Калифорнија",
"Cambodia":"Камбоџа",
"Cameroon":"Камерун",
"Cameroon_Central":"Камерун — Центар",
"Cameroon_West":"Камерун — Запад",
"Canada":"Канада",
"Canada_Alberta":"Алберта",
"Canada_Alberta_Edmonton":"Едмонтон",
"Canada_Alberta_North":"Алберта — север",
"Canada_British Columbia":"Британска Колумбија",
"Australia_Western Australia":"Западна Аустралија",
"Austria_Lower Austria_Wien":"Беч и Доња Аустрија — исток",
"Belgium_East Flanders":"Источна Фландрија",
"Canada_Alberta_South":"Алберта — југ",
"Belgium_Flemish Brabant":"Фламански Брабант",
"Belgium_Hainaut":"Ено",
"Belgium_Liege":"Лијеж",
"Belgium_Limburg":"Лимбург",
"Belgium_Luxembourg":"Луксембург",
"Belgium_Namur":"Намир",
"Belgium_Walloon Brabant":"Валонски Брабант",
"Belgium_West Flanders":"Западна Фландрија",
"Brazil_Goias":"Гојас",
"Brazil_Mato Grosso":"Мато Гросо",
"Brazil_Mato Grosso Do Sul":"Мато Гросо до Сул",
"Brazil_North Region":"Северни регион",
"Brazil_Northeast Region":"Североисточни регион",
"Brazil_Paraiba":"Параиба",
"Brazil_Parana":"Парана",
"Brazil_Rio Grande do Norte":"Рио Гранде до Норте",
"Brazil_Santa Catarina":"Санта Катарина",
"Brazil_South Region":"Јужни регион",
"Brazil_Southeast Region_Espirito Santo":"Есприто Санто",
"Brazil_Southeast Region_Minas Gerais_Contagem":"Минас Жераис - Контажем",
"Brazil_Southeast Region_Minas Gerais_North":"Минас Жераис - север",
"Brazil_Southeast Region_Rio de Janeiro":"Рио де Жанеиро",
"Brazil_Southeast Region_Sao Paulo_Campinas":"Сао Пауло - Кампињас",
"Brazil_Southeast Region_Sao Paulo_City":"Сао Пауло - Сантос",
"Brazil_Southeast Region_Sao Paulo_West":"Сао Пауло - Рибеирао Прето",
"British Indian Ocean Territory":"Британска територија у Индијском океану",
"British Virgin Islands":"Британска Девичанска Острва",
"Campo de Hielo Sur":"Јужно патагонско ледено поље",
"Canada_British Columbia_Central":"Британска Колумбија — центар",
"Canada_British Columbia_Far_North":"Британска Колумбија — исток",
"Canada_British Columbia_Islands":"Острво Ванкувер",
"Canada_British Columbia_North":"Британска Колумбија — запад",
"Canada_British Columbia_Northeast":"Британска Колумбија — север",
"Canada_British Columbia_Southeast":"Келоуна",
"Canada_British Columbia_Vancouver":"Ванкувер",
"Canada_Labrador":"Лабрадор",
"Canada_Labrador_North":"Лабрадор — север",
"Canada_Labrador_South":"Лабрадор — југ",
"Canada_Labrador_West":"Лабрадор — запад",
"Canada_Manitoba":"Манитоба",
"Canada_Manitoba_Northeast":"Манитоба — север",
"Canada_Manitoba_Northwest":"Манитоба — запад",
"Canada_Manitoba_South":"Брендон",
"Canada_Manitoba_Winnipeg":"Винипег",
"Canada_New Brunswick":"Њу Бранзвик",
"Canada_Newfoundland":"Њуфаундленд",
"Canada_Newfoundland_East":"Њуфаундленд — исток",
"Canada_Newfoundland_North":"Њуфаундленд — север",
"Canada_Newfoundland_South":"Њуфаундленд — југ",
"Canada_Newfoundland_West":"Њуфаундленд — запад",
"Canada_Northwest Territories":"Северозападне Територије",
"Canada_Northwest Territories_East":"Северозападне Територије — исток",
"Canada_Northwest Territories_North":"Северозападне Територије — север",
"Canada_Northwest Territories_Yellowknife":"Јелоунајф",
"Canada_Nova Scotia":"Нова Шкотска",
"Canada_Nova Scotia_Halifax":"Халифакс",
"Canada_Nova Scotia_Sydney":"Сидни",
"Canada_Nunavut":"Нунавут",
"Canada_Nunavut_North":"Нунавут — север",
"Canada_Nunavut_South":"Нунавут — југ",
"Canada_Ontario":"Онтарио",
"Canada_Ontario_Bame":"Бери",
"Canada_Ontario_Kingston":"Кингстон",
"Canada_Ontario_London":"Лондон",
"Canada_Ontario_Northeastern_Central":"Тиминс",
"Canada_Ontario_Northeastern_North":"Мус Фектори",
"Canada_Ontario_Northeastern_S":"Велики Садбери",
"Canada_Ontario_Northeastern_SE":"Норт Беј",
"Canada_Ontario_Northeastern_SW":"Су Сент Мари",
"Canada_Ontario_Northeastern_Wawa":"Вава",
"Canada_Ontario_Northern":"Тандербеј",
"Canada_Ontario_Northwestern":"Онтарио — север",
"Canada_Ontario_Toronto":"Торонто",
"Canada_Prince Edward Island":"Острво Принца Едварда",
"Canada_Quebec":"Квебек",
"Canada_Quebec_Quebec":"Град Квебек",
"Canada_Quebek_Far North":"Квебек — север",
"Canada_Quebek_Montreal":"Монтреал",
"Canada_Quebek_North":"Септ-Ил",
"Canada_Quebek_Southeast_Rimouski":"Римуски",
"Canada_Quebek_Southeast_Saguenay":"Сагне",
"Canada_Quebek_West_Chibougamau":"Шибугамо",
"Canada_Quebek_West_Rouyn-Noranda":"Руен-Норанда",
"Canada_Saskatchewan":"Саскачеван",
"Canada_Saskatchewan_North":"Саскачеван — север",
"Canada_Saskatchewan_South":"Саскачеван — југ",
"Canada_Yukon":"Јукон",
"Canada_Yukon_North":"Јукон — север",
"Canada_Yukon_Whitehorse":"Вајтхорс"
}
